Fondnr;Fondnamn;Köpkurs;Säljkurs;Kursdatum 
336115;Aberdeen Standard SICAV I - Asia Local Currency Short Term Bond Fund;     64,67;   64,66;2019-05-14
865063;Aberdeen Standard SICAV I - European Equity (Ex UK) Fund;    164,56;  164,53;2019-05-14
367698;Aberdeen Standard SICAV I - European Equity Fund;    607,62;  607,51;2019-05-14
757575;Aberdeen Standard SICAV I - Japanese Equity Fund;     37,84;   37,83;2019-05-14
192146;Aberdeen Standard SICAV I - Japanese Smaller Companies Fund;    130,59;  130,56;2019-05-14
407775;Aberdeen Standard SICAV I - North American Equity Fund;    297,42;  297,36;2019-05-14
900894;Aberdeen Standard SICAV I - Select Euro High Yield Bond;    243,95;  243,91;2019-05-14
721746;Aberdeen Standard SICAV I- Select Emerging Markets Bond Fund;    430,39;  430,30;2019-05-14
848069;Aberdeen Standard SICAV I- Technology Equity Fund;     62,38;   62,37;2019-05-14
938845;AGCM Fund- Asia Growth Sub- Fund;    149,75;  149,75;2019-05-13
182584;Aktia Capital;     34,59;   34,59;2019-05-14
339473;Aktia Nordic Small Cap;     33,26;   33,26;2019-05-14
308908;Aktie-Ansvar Avkastningsfond;    114,47;  114,47;2019-05-14
344739;Aktie-Ansvar Sverige;    590,96;  590,96;2019-05-14
290072;Aktiespararna Topp Sverige;     17,30;   17,30;2019-05-14
147348;Alfred Berg Aktiv;   1788,48; 1787,67;2019-05-13
320176;Alfred Berg Fastighetsfond Norden;    419,19;  419,19;2019-05-14
361733;Alfred Berg Korträntefond Hållbar;    982,22;  982,22;2019-05-14
183178;Alfred Berg Norge;   1083,79; 1083,30;2019-05-13
111518;Alfred Berg Obligasjon;    130,97;  130,91;2019-05-13
554691;Alfred Berg Obligationsfond Plus Hållbar;   1030,60; 1030,60;2019-05-14
671982;Alfred Berg Ryssland;    572,58;  572,58;2019-05-14
753731;Allianz China Equity;    556,56;  556,44;2019-05-14
250878;Allianz Emerging Asia Equity;    578,27;  578,15;2019-05-14
717900;Allianz Euro High Yield Bond;   1219,56; 1219,33;2019-05-14
682070;Allianz Europe Equity Growth;   2800,14; 2799,62;2019-05-14
538751;Allianz Europe Small Cap Equity;   2885,49; 2884,95;2019-05-14
502922;Allianz Global Metals and Mining;    460,83;  460,74;2019-05-14
395434;Allianz Thailand Equity;   7134,58; 7133,26;2019-05-14
467092;Allianz US High Yield;     68,59;   68,57;2019-05-14
555102;Alpcot Equities;    106,60;  106,58;2019-05-13
823096;AMF Aktiefond Asien Stilla Havet;    214,20;  214,20;2019-05-14
538462;AMF Aktiefond Europa;    210,97;  210,97;2019-05-14
908277;AMF Aktiefond Global;    186,64;  186,64;2019-05-14
229682;AMF Aktiefond Mix;    226,60;  226,60;2019-05-14
520692;AMF Aktiefond Nordamerika;    274,65;  274,65;2019-05-14
269357;AMF Aktiefond Småbolag;    699,42;  699,42;2019-05-14
681783;AMF Aktiefond Sverige;    598,82;  598,82;2019-05-14
645952;AMF Aktiefond Världen;    405,82;  405,82;2019-05-14
610121;AMF Balansfond;    290,88;  290,88;2019-05-14
305185;AMF Räntefond Kort;    111,49;  111,49;2019-05-14
574293;AMF Räntefond Lång;    148,68;  148,68;2019-05-14
265512;AMF Räntefond Mix;    117,31;  117,31;2019-05-14
303230;Amundi Funds Absolute Volatility World;    893,14;  892,96;2019-05-13
305003;Amundi Funds CPR Global Gold Mines;    290,98;  290,92;2019-05-13
233346;Amundi Funds CPR Global Lifestyles;   1621,18; 1620,84;2019-05-13
918367;Amundi Funds CPR Global Resources;    618,48;  618,36;2019-05-13
161687;Amundi Funds Equity Emerging World;    995,35;  995,15;2019-05-13
125856;Amundi Funds Equity Euro Concentrated;   1990,58; 1990,21;2019-05-13
707638;Amundi Funds Equity Europe Concentrated;   2069,20; 2068,82;2019-05-13
704502;Amundi Funds Equity Global Concentrated;   1093,41; 1093,18;2019-05-13
728824;Amundi Funds Equity Global Conservative;   1609,49; 1609,16;2019-05-13
197632;Amundi Funds Equity Greater China;   7188,89; 7187,40;2019-05-13
174490;Amundi Funds Equity Japan Value;    969,69;  969,47;2019-05-13
204891;Amundi Funds Equity Latin America;   4404,75; 4403,83;2019-05-13
197517;Amundi Funds Equity US Relative Value;   1625,91; 1625,58;2019-05-13
233460;Amundi Funds SBI FM Equity India;   2272,90; 2272,43;2019-05-13
882530;Amundi Funds Wells Fargo US MID Cap;   1786,67; 1786,30;2019-05-13
581371;AP7 Aktiefond;    342,07;  342,07;2019-05-14
545541;AP7 Räntefond;    112,45;  112,45;2019-05-14
734491;Avanza Zero - Fonden utan avgifter;    229,11;  229,11;2019-05-14
666313;Avaron Emerging Europe Fund;    141,66;  141,64;2019-05-13
281212;Axa Rosenberg All Country Asia Pacific Ex-Japan Equity Alpha Fund;    135,57;  135,54;2019-05-10
245381;Axa Rosenberg All Country Asia Pacific Ex-Japan Small Cap Alpha;    797,12;  796,95;2019-05-10
151001;Axa Rosenberg Eurobloc Equity Alpha Fund;    127,31;  127,29;2019-05-13
294322;Axa Rosenberg Global Equity Alpha Fund;    190,12;  190,09;2019-05-13
317040;Axa Rosenberg Global Small Cap Alpha Fund B;    335,91;  335,84;2019-05-13
365981;Axa Rosenberg Japan Equity Alpha Fund;     90,74;   90,72;2019-05-13
652628;Axa Rosenberg Japan Small Cap Alpha Fund;    217,24;  217,19;2019-05-13
401810;Axa Rosenberg Pacific Ex-Japan Equity Alpha Fund;    396,58;  396,50;2019-05-10
473470;Axa Rosenberg Pan-European Equity Alpha Fund;    129,91;  129,89;2019-05-13
352872;Axa Rosenberg US Enhanced Index Equity Alpha Fund;    348,08;  348,01;2019-05-13
616797;Axa Rosenberg US Equity Alpha Fund;    228,48;  228,43;2019-05-13
388702;Axa Rosenberg US Small Cap Alpha Fund B;    201,62;  201,58;2019-05-13
477729;Baring Asia Growth Fund;    848,00;  847,82;2019-05-14
983593;Baring Eastern Europe Fund;    767,22;  767,06;2019-05-14
191080;Baring Global Emerging Markets Fund;    364,92;  364,85;2019-05-14
262741;Baring Global Resources Fund;    172,14;  172,10;2019-05-14
334409;Baring Hong Kong China Fund;  10619,98;10617,77;2019-05-14
235291;Baring Latin America Fund;    314,59;  314,52;2019-05-14
551804;BL - Bond Dollar;  12399,15;12396,59;2019-05-13
153833;BL - Emerging Markets;   1799,18; 1798,85;2019-05-13
300996;BL - Equities America;  76417,80;76401,98;2019-05-13
118000;BL - Equities Dividend;   2013,68; 2013,31;2019-05-13
336826;BL - Equities Europe;  81325,31;81310,31;2019-05-13
480145;BL - Global 30;  15225,40;15222,59;2019-05-13
444315;BL - Global 50;  19307,30;19303,74;2019-05-13
408484;BL - Global 75;  27416,78;27411,72;2019-05-13
515973;BL - Global Bond Opportunities;   7484,52; 7483,14;2019-05-13
320358;BL - Global Equities;   9545,37; 9543,61;2019-05-13
647669;BL - Global Flexible EUR;   1843,42; 1843,08;2019-05-13
391896;BlackRock Global Funds -  China Fund;    172,33;  172,29;2019-05-14
916122;BlackRock Global Funds -  Euro Markets Fund;    301,36;  301,30;2019-05-14
696898;BlackRock Global Funds -  European Value Fund;    661,62;  661,50;2019-05-14
302760;BlackRock Global Funds -  Global Allocation Fund;    534,18;  534,07;2019-05-14
768499;BlackRock Global Funds -  India Fund;    339,47;  339,40;2019-05-14
159442;BlackRock Global Funds -  Japan Small & MidCap Opportunities Fund;    571,45;  571,33;2019-05-14
661066;BlackRock Global Funds -  Latin American Fund;    648,20;  648,06;2019-05-14
553578;BlackRock Global Funds -  New Energy Fund;     88,66;   88,64;2019-05-14
446088;BlackRock Global Funds -  Technology Fund;    349,65;  349,58;2019-05-14
768556;BlackRock Global Funds -  US Basic Value Fund;    826,39;  826,21;2019-05-14
804385;BlackRock Global Funds -  US Flexible Equity Fund;    332,74;  332,68;2019-05-14
625236;BlackRock Global Funds -  US Small & MidCap Opportunities Fund;   2097,43; 2096,99;2019-05-14
517748;BlackRock Global Funds -  World Energy Fund;    158,21;  158,17;2019-05-14
410258;BlackRock Global Funds -  World Financials Fund;    263,58;  263,53;2019-05-14
338590;BlackRock Global Funds -  World Gold Fund;    243,31;  243,26;2019-05-14
374421;BlackRock Global Funds -  World Healthscience Fund;    410,94;  410,85;2019-05-14
481911;BlackRock Global Funds -  World Mining Fund;    340,72;  340,65;2019-05-14
987784;BlackRock Global Funds - Emerging Europe Fund;   1100,12; 1099,91;2019-05-14
231100;BlackRock Global Funds - Emerging Markets Fund;    336,30;  336,23;2019-05-14
379024;C WorldWide Asia;   1606,88; 1606,88;2019-05-14
384818;C WorldWide Global Equities;   1250,06; 1250,06;2019-05-14
106492;C WorldWide Global Equities Ethical;    220,22;  220,22;2019-05-14
313155;C WorldWide Medical;   1049,51; 1049,51;2019-05-14
538108;C WorldWide Medical Small & Mid Cap;   4160,63; 4160,63;2019-05-13
792697;C WorldWide Sweden;    261,82;  261,82;2019-05-14
721035;C WorldWide Sweden Small Cap;    426,08;  426,08;2019-05-14
838383;Carnegie Asia;    235,98;  235,98;2019-05-14
537639;Carnegie Fonder Portfolio - Carnegie Corporate Bond;    427,58;  427,58;2019-05-14
505586;Carnegie Indienfond;    518,07;  518,07;2019-05-14
214163;Carnegie Likviditetsfond;   1211,27; 1211,27;2019-05-14
249995;Carnegie Rysslandsfond;     71,01;   71,01;2019-05-14
584912;Carnegie Småbolagsfond;    314,10;  314,10;2019-05-14
357483;Carnegie Strategifond;   1382,07; 1382,07;2019-05-14
393314;Carnegie Sverigefond;   2746,02; 2746,02;2019-05-14
112755;Catella Avkastningsfond;    129,01;  129,01;2019-05-14
184416;Catella Småbolagsfond ;    563,30;  563,30;2019-05-14
220244;Catella Sverige Aktiv Hållbarhet;    461,70;  461,70;2019-05-14
838441;Catella Sverige Hållbart Beta;    438,95;  438,95;2019-05-14
309492;CB European Quality Fund;   1204,78; 1204,55;2019-05-14
976506;CB Fund - Save Earth Fund;    188,80;  188,76;2019-05-13
384750;Cicero Avkastningsfond;    120,59;  120,59;2019-05-14
579425;Cicero China Index A;    131,70;  131,70;2019-05-14
543595;Cicero Emerging Markets Index A;    124,01;  124,01;2019-05-14
972901;Cicero Focus;    168,45;  168,45;2019-05-14
670505;Cicero Nordic Corporate Bond;    111,72;  111,72;2019-05-14
959502;Cicero World 0-100;    127,19;  127,19;2019-05-14
187898;Cicero World 0-50;    121,33;  121,33;2019-05-14
920074;Cliens Mixfond;   2599,16; 2599,16;2019-05-14
955906;Cliens Räntefond Kort;    105,81;  105,81;2019-05-14
725101;Cliens Småbolag A;   1575,49; 1575,49;2019-05-14
422709;Coeli - Global Select Fund;    179,63;  179,63;2019-05-14
386870;Coeli - Nordic Corporate Bond Fund;    112,82;  112,82;2019-05-14
613729;Danske Invest  SICAV- SRI Global;    178,90;  178,90;2019-05-14
891804;Danske Invest Allocation SICAV- Horisont Aktie;    284,48;  284,48;2019-05-14
927632;Danske Invest Allocation SICAV- Horisont Balanserad;    222,81;  222,81;2019-05-14
696658;Danske Invest Allocation SICAV- Horisont Offensiv;    175,40;  175,40;2019-05-14
732487;Danske Invest Allocation SICAV- Horisont Ränta;    120,11;  120,11;2019-05-14
963462;Danske Invest Allocation SICAV-Horisont Försiktig;    180,76;  180,76;2019-05-14
408898;Danske Invest SICAV - Global Corporate Bonds;    163,61;  163,61;2019-05-14
432096;Danske Invest SICAV - Global Stockpicking;    261,05;  261,05;2019-05-14
973263;Danske Invest SICAV-  Sverige;   4363,09; 4363,09;2019-05-14
901181;Danske Invest SICAV- Europe;    119,35;  119,35;2019-05-14
252411;Danske Invest SICAV- Global Index;   1788,58; 1788,58;2019-05-14
865774;Danske Invest SICAV- Sverige Kort Ränta;   1172,28; 1172,28;2019-05-14
901603;Danske Invest SICAV- Sverige Ränta;   1154,42; 1154,42;2019-05-14
829945;Danske Invest SICAV-Aktiv Förmögenhetsförvaltning;   3248,83; 3248,83;2019-05-14
571695;Delphi Europe;   3542,75; 3541,15;2019-05-13
352468;Delphi Global;   3480,48; 3478,90;2019-05-13
388298;Delphi Nordic;  35588,20;35572,07;2019-05-13
291906;Didner & Gerge Aktiefond;   2688,09; 2688,09;2019-05-14
541235;Didner & Gerge Global;    287,30;  287,30;2019-05-14
140491;Didner & Gerge Småbolag;    782,37;  782,37;2019-05-14
341305;Didner & Gerge US Small and Microcap;    143,29;  143,29;2019-05-14
362327;DNB Fund - Asian Small Cap;     72,53;   72,53;2019-05-08
819029;DNB Fund - Global Emerging Markets ESG;     27,49;   27,49;2019-05-08
503573;DNB Fund - Global ESG;     49,89;   49,89;2019-05-10
481671;DNB Fund - India;   1873,40; 1873,40;2019-05-10
242495;DNB Fund - Nordic Equities;     46,93;   46,93;2019-05-10
445841;DNB Fund - Private Equity;   1691,17; 1691,17;2019-05-10
723270;DNB Global Indeks;    334,45;  334,29;2019-05-13
759100;DNB Grönt Norden;   1578,18; 1577,47;2019-05-13
517508;DNB Health Care;    356,57;  356,41;2019-05-13
687442;DNB SMB;    685,31;  685,00;2019-05-13
191676;DNB Teknologi;   1823,24; 1822,41;2019-05-13
651612;DNB USA Indeks;    289,77;  289,63;2019-05-13
872382;East Capital Balkan;     15,39;   15,39;2019-05-14
673699;East Capital China Environmental;    112,73;  112,73;2019-05-14
178624;East Capital Global Emerging Markets  Sustainable;    162,60;  162,60;2019-05-14
870907;East Capital Global Frontier Markets;    130,55;  130,55;2019-05-14
536276;East Capital Multi-Strategi;    104,44;  104,44;2019-05-14
552984;East Capital Nya Europa;     69,18;   69,18;2019-05-14
834788;East Capital Ryssland;   1457,81; 1457,81;2019-05-14
442483;East Capital Östeuropa;     40,87;   40,87;2019-05-14
134593;Enter Cross Credit;   1025,44; 1025,44;2019-05-14
490706;Enter Preserve;   1395,55; 1395,55;2019-05-14
356477;Enter Return;   1126,29; 1126,29;2019-05-14
643700;Enter Select;   2231,39; 2231,39;2019-05-14
589101;Enter Småbolagsfond;   1653,61; 1653,61;2019-05-14
170423;Enter Sverige;   2697,87; 2697,87;2019-05-14
657460;Evli Finland Mix;     90,94;   90,92;2019-05-13
426726;Evli Statsobligation;    536,14;  536,04;2019-05-13
610410;Evli Sverige Aktieindex;   1554,95; 1554,95;2019-05-13
420463;Evli Sverige Småbolag;   4433,11; 4433,11;2019-05-13
866715;Fidelity Funds - America Fund;    323,69;  323,63;2019-05-14
795054;Fidelity Funds - Asian Special Situations Fund;    199,29;  199,25;2019-05-14
759225;Fidelity Funds - China Consumer Fund;    229,07;  229,02;2019-05-14
150110;Fidelity Funds - Emerging Asia Fund;    189,04;  189,00;2019-05-14
978452;Fidelity Funds - Emerging Markets Fund;    500,64;  500,55;2019-05-14
942623;Fidelity Funds - European Dynamic Growth Fund;    593,87;  593,76;2019-05-14
906792;Fidelity Funds - Global High Yield Fund;    170,59;  170,55;2019-05-14
390187;FIM Artificiell Intelligens Placeringsfond;    249,31;  249,26;2019-05-13
432153;FIM Brands;    337,91;  337,85;2019-05-13
670091;FIM Emerging Markets ESG;    161,25;  161,23;2019-05-13
191908;FIM Euro;    410,67;  410,60;2019-05-13
755090;FIM Europa;    147,48;  147,46;2019-05-13
324665;FIM Fenno Placeringsfond;   2587,45; 2586,97;2019-05-13
413021;FIM Frontier Placeringsfond;    133,60;  133,58;2019-05-13
360495;FIM USA;    301,69;  301,63;2019-05-13
976928;Folksam LO Sverige;    356,19;  356,19;2019-05-14
941096;Folksam LO Världen;    187,95;  187,95;2019-05-14
202002;Fondita 2000+ Placeringsfond;    886,67;  886,51;2019-05-14
273664;Fondita Equity Spice Placeringsfond;   1659,40; 1659,09;2019-05-14
392308;Fondita European Micro Cap Placeringsfond;   1182,03; 1181,81;2019-05-14
356063;Fondita European Small Cap Placeringsfond;   3650,31; 3649,63;2019-05-14
724633;Fondita European Top Picks B;   1655,66; 1655,35;2019-05-14
785493;Fondita Nordic Micro Cap Placeringsfond;   2908,46; 2907,92;2019-05-14
237834;Fondita Nordic Small Cap Placeringsfond;   1822,76; 1822,43;2019-05-14
666495;Franklin European Growth Fund;    164,62;  164,59;2019-05-13
170894;Franklin India Fund;    339,87;  339,80;2019-05-13
717496;Franklin Mutual Global Discovery Fund;    181,53;  181,49;2019-05-13
384107;Franklin U.S. Opportunities Fund;    168,58;  168,55;2019-05-13
563254;Franklin US Equity Fund;    276,59;  276,53;2019-05-13
201111;GodFond Sverige & Världen;    275,64;  275,64;2019-05-14
929224;Handelsbanken  USA Index Criteria ;    390,78;  390,78;2019-05-14
821736;Handelsbanken Amerika Småbolag Tema;    888,40;  888,40;2019-05-14
840033;Handelsbanken Amerika Tema;   1012,42; 1012,42;2019-05-14
504100;Handelsbanken Asien Tema;    693,77;  693,77;2019-05-14
715664;Handelsbanken EMEA Tema;    420,53;  420,53;2019-05-14
750075;Handelsbanken Emerging Markets Index;    153,31;  153,31;2019-05-14
629543;Handelsbanken Europa Index Criteria ;    123,21;  123,21;2019-05-14
362020;Handelsbanken Europa Tema;    422,23;  422,23;2019-05-14
653501;Handelsbanken Företagsobligation;    130,71;  130,71;2019-05-14
785907;Handelsbanken Global Index Criteria;    282,37;  282,37;2019-05-14
123679;Handelsbanken Global Tema;    527,98;  527,98;2019-05-14
644005;Handelsbanken Hälsovård Tema;    229,18;  229,18;2019-05-14
687509;Handelsbanken Hållbar Energi;    175,25;  175,25;2019-05-14
203182;Handelsbanken Japan Tema;     84,21;   84,21;2019-05-14
617670;Handelsbanken Kinafond;    216,86;  216,86;2019-05-14
718205;Handelsbanken Kortränta;    144,44;  144,44;2019-05-14
679837;Handelsbanken Latinamerikafond;    314,46;  314,46;2019-05-14
524702;Handelsbanken Långränta;    118,40;  118,40;2019-05-14
154302;Handelsbanken Multi Asset 50;    200,61;  200,61;2019-05-13
811117;Handelsbanken Nordenfond;   1190,96; 1190,96;2019-05-14
751495;Handelsbanken Nordiska Småbolagsfond;   1145,71; 1145,71;2019-05-14
167114;Handelsbanken Pension 40;    136,71;  136,71;2019-05-13
314682;Handelsbanken Pension 50;    174,30;  174,30;2019-05-13
350512;Handelsbanken Pension 60;    219,14;  219,14;2019-05-13
278853;Handelsbanken Pension 70;    225,61;  225,61;2019-05-13
243022;Handelsbanken Pension 80;    226,34;  226,34;2019-05-13
337709;Handelsbanken Pension 90;    132,56;  132,56;2019-05-13
110098;Handelsbanken Råvarufond;    104,88;  104,88;2019-05-13
952010;Handelsbanken Svenska Småbolagsfond;   1773,18; 1773,18;2019-05-14
893396;Handelsbanken Sverige Index Criteria;    276,83;  276,83;2019-05-14
465914;Handelsbanken Sverige OMXSB Index;    244,33;  244,33;2019-05-14
916189;Handelsbanken Sverigefond;   2076,39; 2076,39;2019-05-14
987842;Handelsbanken Tillväxtmarknad Tema;    340,08;  340,08;2019-05-14
857565;Handelsbanken Tillväxtmarknadsfond Obligation;    112,92;  112,92;2019-05-14
825274;HealthInvest Small & MicroCap Fund;    103,72;  103,72;2019-05-10
282632;Holberg Global;    313,66;  313,52;2019-05-14
980284;Holberg Kreditt;    122,05;  121,99;2019-05-14
354290;Holberg Norden;    465,88;  465,67;2019-05-14
318469;Holberg Norge;    633,64;  633,35;2019-05-14
116111;Holberg Rurik;    207,95;  207,86;2019-05-14
674101;Holberg Triton;    161,32;  161,25;2019-05-14
307306;Indecap Guide 1;    106,76;  106,76;2019-05-13
271478;Indecap Guide 2;    144,55;  144,55;2019-05-13
460303;Indecap Guide Q30;    108,88;  108,88;2019-05-13
772038;INVL Baltic Fund;    409,45;  409,38;2019-05-13
989962;INVL Emerging Europe Bond Subfund;    437,62;  437,54;2019-05-13
161620;INVL Emerging Europe ex Russia TOP20 Subfund;    348,31;  348,25;2019-05-13
125799;INVL Russia TOP20 Subfund;    346,29;  346,23;2019-05-13
233585;JPMorgan Funds - China Fund A (dist);    605,96;  605,83;2019-05-10
305243;JPMorgan Funds - Emerging Markets Equity Fund A (dist);    352,81;  352,74;2019-05-13
405290;JPMorgan Funds - Global Dynamic Fund D (acc);    123,84;  123,82;2019-05-13
938498;JPMorgan Funds - Global Natural Resources Fund D (acc);     88,06;   88,04;2019-05-13
333633;JPMorgan Funds - India Funds D (acc);    552,79;  552,68;2019-05-13
369462;JPMorgan Funds - Latin America Equity Fund D (acc);    340,16;  340,09;2019-05-13
996348;JPMorgan Investement Funds - Global Balanced Fund A (acc);  19968,91;19965,23;2019-05-13
275495;JPMorgan Investement Funds - Japan Select Equity Fund A (acc);   1034,79; 1034,56;2019-05-13
296152;KPA Etisk Aktiefond;    377,44;  377,44;2019-05-14
224493;KPA Etisk Blandfond 2;    304,03;  304,03;2019-05-14
891507;Lannebo Europa Småbolag;     11,66;   11,66;2019-05-14
942508;Lannebo Komplett;    152,47;  152,47;2019-05-14
478313;Lannebo Likviditetsfond;    115,19;  115,19;2019-05-14
878520;Lannebo Mixfond;     24,78;   24,78;2019-05-14
861104;Lannebo Mixfond Offensiv;    198,02;  198,02;2019-05-14
842690;Lannebo Småbolag;    109,56;  109,56;2019-05-14
806869;Lannebo Sverige;     37,73;   37,73;2019-05-14
490292;Lannebo Sverige Plus;     49,21;   49,21;2019-05-14
771030;Lannebo Vision;      8,74;    8,74;2019-05-14
102897;Lundmark Aktiv Europa;    131,79;  131,79;2019-05-14
385401;Länsförsäkringar Asienfond;    155,72;  155,72;2019-05-14
492306;Länsförsäkringar Europa Aktiv;    489,80;  489,80;2019-05-14
479840;Länsförsäkringar Europa Indexnära;    212,55;  212,55;2019-05-14
494302;Länsförsäkringar Fastighet Europa;    122,59;  122,59;2019-05-14
313742;Länsförsäkringar Fastighetsfond;   4867,81; 4867,81;2019-05-14
458471;Länsförsäkringar FossilSmart;    123,38;  123,38;2019-05-14
874560;Länsförsäkringar Företagsobligation Norden;    108,40;  108,40;2019-05-14
563965;Länsförsäkringar Global Hållbar;     48,60;   48,60;2019-05-14
658997;Länsförsäkringar Global Indexnära;    228,63;  228,63;2019-05-14
212621;Länsförsäkringar Global Strategisk Ränta;     71,76;   71,76;2019-05-13
470104;Länsförsäkringar Japan Indexnära;    119,32;  119,32;2019-05-14
838730;Länsförsäkringar Kort Ränta Företag;    102,12;  102,12;2019-05-14
420646;Länsförsäkringar Kort Räntefond;    104,01;  104,01;2019-05-14
242081;Länsförsäkringar Lång Räntefond;    165,50;  165,50;2019-05-14
599795;Länsförsäkringar Mix;    384,51;  384,51;2019-05-14
515676;Länsförsäkringar Småbolag Sverige;    990,64;  990,64;2019-05-14
814772;Länsförsäkringar Sparmål 2015;    203,97;  203,97;2019-05-13
778944;Länsförsäkringar Sparmål 2020;    226,38;  226,38;2019-05-13
743112;Länsförsäkringar Sparmål 2025;    261,62;  261,62;2019-05-13
707281;Länsförsäkringar Sparmål 2030;    265,37;  265,37;2019-05-13
671453;Länsförsäkringar Sparmål 2035;    141,56;  141,56;2019-05-13
635623;Länsförsäkringar Sparmål 2040;    142,43;  142,43;2019-05-13
832360;Länsförsäkringar Sparmål 2045;    170,02;  170,02;2019-05-13
140905;Länsförsäkringar Sparmål 2050;    145,06;  145,06;2019-05-13
105072;Länsförsäkringar Sparmål 2055;    143,73;  143,73;2019-05-13
969246;Länsförsäkringar Sparmål 2060;    142,11;  142,11;2019-05-13
528133;Länsförsäkringar Sverige Aktiv;   1618,37; 1618,37;2019-05-14
587337;Länsförsäkringar Sverige Indexnära;    323,84;  323,84;2019-05-14
206250;Länsförsäkringar Tillväxtmarknad Aktiv;    372,50;  372,50;2019-05-14
434274;Länsförsäkringar Tillväxtmarknad Indexnära;    149,26;  149,26;2019-05-14
456475;Länsförsäkringar USA Aktiv;    403,01;  403,01;2019-05-14
551507;Länsförsäkringar USA Indexnära;    398,64;  398,64;2019-05-14
152835;Lärarfond 21-44 år;     26,42;   26,42;2019-05-14
117002;Lärarfond 45-58 år;     22,12;   22,12;2019-05-14
981175;Lärarfond 59+;     15,78;   15,78;2019-05-14
119776;Monyx Strategi Balanserad;    162,92;  162,92;2019-05-13
762880;Monyx Strategi Offensiv;    222,93;  222,93;2019-05-13
983940;Monyx Strategi Sverige/Världen;    171,67;  171,67;2019-05-13
912287;Monyx Strategi Världen;    185,28;  185,28;2019-05-13
615310;Naventi Balanserad Flex;    155,95;  155,95;2019-05-14
447086;Naventi Defensiv Flex;    128,44;  128,44;2019-05-14
727057;Naventi Offensiv Flex;    191,72;  191,72;2019-05-14
809699;NN (L) Alternative Beta ;   4138,71; 4137,95;2019-05-14
992099;NN (L) Asia Income;  10741,30;10739,07;2019-05-14
323832;NN (L) Emerging Markets Debt (Hard Currency);  54623,18;54613,05;2019-05-14
140434;NN (L) Emerging Markets Debt (Local Currency) ;    447,77;  447,69;2019-05-14
848770;NN (L) EURO Equity ;   1667,33; 1667,02;2019-05-14
288001;NN (L) Euromix Bond;   1875,03; 1874,69;2019-05-14
899773;NN (L) European Equity ;    691,08;  690,95;2019-05-14
857037;NN (L) First Class Protection;    332,54;  332,48;2019-05-14
523050;NN (L) Global Equity Impact Opportunities;   4916,87; 4915,95;2019-05-14
558882;NN (L) Global Real Estate;   4142,92; 4142,15;2019-05-14
594713;NN (L) Global Sustainable Equity;   3641,20; 3640,53;2019-05-14
666370;NN (L) Greater China Equity ;  11672,20;11669,77;2019-05-14
401695;NN (L) Information Technology;  16293,07;16289,68;2019-05-14
920439;NN (L) Japan Equity;    403,43;  403,34;2019-05-14
956268;NN (L) Latin America Equity ;  17211,00;17207,42;2019-05-14
494427;Nordea Far East Fund;    271,28;  271,28;2019-05-14
430975;Nordea Generationsfond 50-tal;    116,46;  116,46;2019-05-14
359315;Nordea Generationsfond 60-tal;    143,88;  143,88;2019-05-14
287656;Nordea Generationsfond 70-tal;    145,41;  145,41;2019-05-14
215996;Nordea Generationsfond 80-tal;    138,73;  138,73;2019-05-14
596429;Nordea Generationsfond 90-tal;    171,96;  171,96;2019-05-14
502633;Nordea Generationsfond Senior;     82,96;   82,96;2019-05-14
167239;Nordea Nya Tillväxtmarknader;    105,25;  105,25;2019-05-14
648964;Nordea Obligationsfond;    132,67;  132,67;2019-05-14
613133;Nordea Swedish Bond Stars;    100,23;  100,23;2019-05-14
203067;Nordea Swedish Stars;   2809,64; 2809,64;2019-05-14
133116;Norron Sicav-Target;    134,62;  134,62;2019-05-14
419101;Odin Emerging Markets;    315,04;  314,89;2019-05-14
526590;Odin Energi;    171,27;  171,19;2019-05-14
280867;Odin Europa;    202,38;  202,29;2019-05-14
634386;Odin Finland;  10202,13;10197,49;2019-05-14
562421;Odin Global;    307,35;  307,21;2019-05-14
598557;Odin Norden;   2770,50; 2769,24;2019-05-14
562728;Odin Norge;   3868,87; 3867,11;2019-05-14
450981;Odin Sverige;   5369,49; 5367,04;2019-05-14
443309;OPM Global Quality Companies;    142,08;  142,08;2019-05-13
341362;OPM Listed Private Equity;    328,10;  328,10;2019-05-13
167643;Pareto Global;   2325,69; 2325,69;2019-05-13
606103;Pareto Global Corporate Bond;    105,67;  105,67;2019-05-13
917955;Pictet Asian Equities (Ex Japan);   2137,10; 2136,65;2019-05-14
260919;Pictet Biotech;   5697,68; 5696,49;2019-05-14
887497;Pictet Clean Energy;    761,26;  761,10;2019-05-14
296749;Pictet Digital;   3081,54; 3080,90;2019-05-14
368407;Pictet Emerging Europe;   3266,91; 3266,30;2019-05-14
404236;Pictet Emerging Markets;   4772,35; 4771,36;2019-05-14
280925;Pictet EUR Bonds;   5840,20; 5839,12;2019-05-13
352583;Pictet EUR Corporate Bonds;   2064,32; 2063,94;2019-05-13
475897;Pictet European Equity Selection;   6509,10; 6507,90;2019-05-14
810465;Pictet European Sustainable Equities;   2630,42; 2629,93;2019-05-14
316752;Pictet Global Bonds;   1759,04; 1758,67;2019-05-13
173435;Pictet Global Emerging Debt;   3404,47; 3403,76;2019-05-13
690693;Pictet Global Megatrend Selection;   2383,68; 2383,18;2019-05-14
882126;Pictet Greater China;   4805,21; 4804,20;2019-05-14
688986;Pictet Health;   2316,63; 2316,15;2019-05-14
874271;Pictet Indian Equities;   4383,22; 4382,31;2019-05-14
910109;Pictet Japanese Equities Opportunities;    780,06;  779,89;2019-05-14
866897;Pictet Japanese Equity Selection;   1125,43; 1125,18;2019-05-14
923383;Pictet Premium Brands;   1539,37; 1539,08;2019-05-14
558700;Pictet Robotics;   1588,03; 1587,70;2019-05-14
925099;Pictet Russian Equities;    638,79;  638,65;2019-05-14
968891;Pictet Security;   2148,91; 2148,47;2019-05-14
440065;Pictet Small Cap Europe;  11370,40;11368,29;2019-05-14
755033;Pictet Timber;   1395,05; 1394,76;2019-05-14
189258;Pictet Water;   3050,57; 3050,01;2019-05-14
376319;PineBridge Emerging Europe Equity Fund;   3546,47; 3545,73;2019-05-14
891036;PineBridge Europe Small Cap Equity Fund;  10606,78;10604,81;2019-05-14
483800;PineBridge Global Bond Fund;   2879,96; 2879,36;2019-05-14
232991;PineBridge Global Emerging Markets Focus Equity Fund;   3796,70; 3795,90;2019-05-14
555466;PineBridge Global Focus Equity Fund;   1855,96; 1855,58;2019-05-14
246868;PineBridge Greater China Equity Fund;    378,02;  377,94;2019-05-14
304659;PineBridge US Research Enhanced Core Equity Fund;   1933,59; 1933,19;2019-05-14
564849;Placeringsfond Nordea Europa;  15650,60;15650,60;2019-05-14
282517;Placeringsfond Nordea Global;      4,23;    4,23;2019-05-14
995571;Placeringsfond Nordea Globala Tillväxtmarknader;    254,56;  254,56;2019-05-14
469692;Placeringsfond Nordea Indien;    253,50;  253,50;2019-05-14
218115;Placeringsfond Nordea Japan ;      2,46;    2,46;2019-05-14
653097;Placeringsfond Nordea Kina;    255,34;  255,34;2019-05-14
182287;Placeringsfond Nordea Nordamerikanska Aktier ;    207,79;  207,79;2019-05-14
861757;Placeringsfond Nordea Nordiska Länder;      1,81;    1,81;2019-05-14
131409;Placeringsfond Nordea Realränta;    168,12;  168,12;2019-05-14
433862;Placeringsfond Nordea Ryssland;    164,88;  164,88;2019-05-14
286294;Placeringsfond Nordea Småbolagsfond Norden;    138,87;  138,87;2019-05-14
840090;Placeringsfond Nordea Stratega Ränta;    134,89;  134,89;2019-05-14
816249;Placeringsfond UB Asia REIT Plus;   1736,82; 1736,50;2019-05-14
744581;Placeringsfond UB EM Infra;   1523,23; 1522,95;2019-05-14
852079;Placeringsfond UB Europa REIT;   1674,16; 1673,85;2019-05-14
887901;Placeringsfond UB Global REIT;   1547,99; 1547,70;2019-05-14
780411;Placeringsfond UB Infra;   1685,18; 1684,87;2019-05-14
369876;Placeringsfond UB Nordamerika REIT;   1406,85; 1406,59;2019-05-14
664482;Placeringsfonden Evli Corporate Bond ;   1343,60; 1343,60;2019-05-13
229625;Placeringsfonden Evli Emerging Markets Credit;   1217,74; 1217,51;2019-05-13
764951;Placeringsfonden Evli Europa;   1308,52; 1308,28;2019-05-13
570044;Placeringsfonden Evli Finland Select;    405,32;  405,24;2019-05-13
793109;Placeringsfonden Evli Global;   2207,78; 2207,78;2019-05-13
700310;Placeringsfonden Evli High Yield ;   1596,58; 1596,58;2019-05-13
574582;PLaceringsfonden Evli Likviditet;   1050,65; 1050,65;2019-05-13
668269;Placeringsfonden Evli Nordic;   2688,19; 2687,70;2019-05-13
621631;Placeringsfonden Evli Short Corporate Bond;    317,42;  317,36;2019-05-13
487108;Prior & Nilsson Realinvest;   2949,43; 2949,43;2019-05-13
328021;Prior & Nilsson Sverige Aktiv;   2634,80; 2634,80;2019-05-13
607879;PriorNilsson Smart Global;   1246,51; 1246,51;2019-05-13
301580;SEB Aktiesparfond;     17,14;   17,14;2019-05-14
914945;SEB Asienfond ex Japan;     22,07;   22,07;2019-05-14
639633;SEB Asset Selection Lux Ack;    163,50;  163,50;2019-05-14
651679;SEB Dynamic Bond Fund;    102,76;  102,76;2019-05-14
520759;SEB Dynamisk Aktiefond;     14,44;   14,44;2019-05-14
950774;SEB Emerging Marketsfond;     27,79;   27,79;2019-05-13
122432;SEB Europafond;     12,89;   12,89;2019-05-14
556589;SEB Europafond Småbolag;     75,52;   75,52;2019-05-14
405704;SEB Green Bond Fund;     98,78;   98,78;2019-05-13
377432;SEB Japanfond;      8,64;    8,64;2019-05-14
843284;SEB Korträntefond SEK;     10,14;   10,14;2019-05-14
823039;SEB Latinamerikafond;     25,95;   25,95;2019-05-14
229922;SEB Läkemedelsfond;     18,57;   18,57;2019-05-14
986604;SEB Nordamerikafond;     14,77;   14,77;2019-05-14
484923;SEB Nordenfond;     30,98;   30,98;2019-05-14
997403;SEB Pension Fund;    146,42;  146,42;2019-05-13
810101;SEB Pension Fund Plus;    114,75;  114,75;2019-05-13
626705;SEB Pensionsfond Extra;    112,84;  112,84;2019-05-13
496497;SEB Realräntefond SEK (SEB Fund 3- SEB Index Linked Bond Fund);     14,84;   14,84;2019-05-14
259903;SEB Rysslandfond - Lux;    128,27;  128,24;2019-05-14
158261;SEB Sverige Expanderad;     20,16;   20,16;2019-05-14
194092;SEB Teknologifond;     51,04;   51,04;2019-05-13
879114;SEB Världenfond;     16,22;   16,22;2019-05-14
449090;SEB Östeuropafond;     30,66;   30,66;2019-05-14
443721;Seligson & Co Euroobligation;     44,20;   44,19;2019-05-14
479550;Seligson & Co Global Top 25 Brands;    101,04;  101,02;2019-05-14
416982;Seligson & Co Global Top 25 Pharmaceuticals;    292,93;  292,88;2019-05-14
303701;Sensor Sverige Select;    251,63;  251,63;2019-05-13
832717;Simplicity Företagsobligationer;    125,87;  125,87;2019-05-14
934711;Simplicity Global Corporate Bond;    123,23;  123,23;2019-05-14
660290;Simplicity Kina;    156,09;  156,09;2019-05-14
418699;Simplicity Likviditet;    111,17;  111,17;2019-05-14
484980;Simplicity Norden;    642,66;  642,66;2019-05-14
293902;Simplicity Småbolag Global;    109,14;  109,14;2019-05-14
908509;Simplicity Småbolag Sverige;    137,35;  137,35;2019-05-14
290304;Simplicity Sverige;    144,05;  144,05;2019-05-14
984187;SKAGEN Global;   2054,71; 2053,78;2019-05-14
501981;SKAGEN Kon-Tiki;    910,83;  910,42;2019-05-14
311027;SKAGEN m2;    235,52;  235,42;2019-05-14
252296;SKAGEN Tellus;    128,82;  128,76;2019-05-14
120014;SKAGEN Vekst;   2638,94; 2637,74;2019-05-14
618629;Skandia Asien;    417,59;  417,59;2019-05-14
654459;Skandia Europa Exponering;    564,62;  564,62;2019-05-14
545426;Skandia Global Exponering;    227,70;  227,70;2019-05-14
582791;Skandia Japan Exponering;    207,27;  207,27;2019-05-14
726117;Skandia Kapitalmarknadsfond;    183,18;  183,18;2019-05-14
331983;Skandia Korträntefond;    130,98;  130,98;2019-05-14
256362;Skandia Nordamerika Exponering;    277,48;  277,48;2019-05-14
611657;Skandia Norden;    217,89;  217,89;2019-05-14
469817;Skandia Realräntefond;    155,62;  155,62;2019-05-14
546960;Skandia Smart Balanserad;    390,75;  390,75;2019-05-14
403642;Skandia Smart Försiktig;    197,22;  197,22;2019-05-14
367813;Skandia Smart Offensiv;    507,05;  507,05;2019-05-14
103606;Skandia Småbolag Sverige;    878,79;  878,79;2019-05-14
292193;Skandia Sverige Exponering;    183,29;  183,29;2019-05-14
827105;Skandia Sverige Hållbar;    111,63;  111,63;2019-05-14
802900;Skandia Tillväxtmarknadsfond;    152,61;  152,61;2019-05-14
439471;Skandia Time Global;    332,87;  332,87;2019-05-14
511139;Skandia USA;   1182,00; 1182,00;2019-05-14
475301;Skandia Världen;    521,53;  521,53;2019-05-14
272898;Spiltan Aktiefond Småland;    448,79;  448,79;2019-05-14
339184;Spiltan Aktiefond Stabil;    738,92;  738,92;2019-05-14
152181;Spiltan Aktiefond Sverige;    685,04;  685,04;2019-05-14
358309;Spiltan Globalfond Investmentbolag;    136,45;  136,45;2019-05-14
560599;Spiltan Högräntefond;    114,70;  114,70;2019-05-14
972497;Spiltan Räntefond Sverige;    122,55;  122,55;2019-05-14
140673;SPP Aktiefond Europa;    143,26;  143,26;2019-05-14
407064;SPP Aktiefond Global A;    139,56;  139,56;2019-05-14
176503;SPP Aktiefond Japan;     90,93;   90,93;2019-05-14
912220;SPP Aktiefond Stabil A;    210,99;  210,99;2019-05-14
212332;SPP Aktiefond Sverige;    315,60;  315,60;2019-05-14
248161;SPP Aktiefond USA;    261,20;  261,20;2019-05-14
971077;SPP Emerging Markets Plus;    150,44;  150,44;2019-05-14
459891;SPP Emerging Markets SRI;    140,11;  140,11;2019-05-14
331686;SPP Företagsobligationsfond A;    110,77;  110,77;2019-05-14
391482;SPP Generation 40-tal;    255,36;  255,36;2019-05-14
427310;SPP Generation 50-tal;    381,00;  381,00;2019-05-14
463141;SPP Generation 60-tal;    526,17;  526,17;2019-05-14
498972;SPP Generation 70-tal;    239,42;  239,42;2019-05-14
844522;SPP Generation 80-tal;    126,00;  126,00;2019-05-14
473702;SPP Global Plus;    156,36;  156,36;2019-05-14
184119;SPP Global Solutions A;    259,93;  259,93;2019-05-14
721506;SPP Grön Obligationsfond A;    102,93;  102,93;2019-05-14
442897;SPP Korträntefond;    117,90;  117,90;2019-05-14
534800;SPP Obligationsfond;    151,38;  151,38;2019-05-14
706275;SPP Sverige Plus;    130,52;  130,52;2019-05-14
978981;Swedbank Robur Access Asien;    252,55;  252,55;2019-05-14
755504;Swedbank Robur Access Europa;    142,18;  142,18;2019-05-14
114819;Swedbank Robur Access Global;    157,20;  157,20;2019-05-14
943159;Swedbank Robur Access Japan;    137,68;  137,68;2019-05-14
719674;Swedbank Robur Access Sverige;    186,43;  186,43;2019-05-14
150649;Swedbank Robur Access USA;    315,22;  315,22;2019-05-14
785022;Swedbank Robur Aktiefond Pension;     28,38;   28,38;2019-05-14
677534;Swedbank Robur Ethica Obligation;     13,71;   13,71;2019-05-14
968420;Swedbank Robur Fastighet ;     53,32;   53,32;2019-05-14
928341;Swedbank Robur Medica;     21,84;   21,84;2019-05-14
749192;Swedbank Robur Mixfond Pension;     21,69;   21,69;2019-05-14
820852;Swedbank Robur Nordenfond;    112,40;  112,40;2019-05-14
752204;Swedbank Robur Rysslandsfond;     29,69;   29,69;2019-05-14
717611;Swedbank Robur Räntefond Kort;    101,04;  101,04;2019-05-14
896761;Swedbank Robur Småbolagsfond Europa;     41,31;   41,31;2019-05-14
860932;Swedbank Robur Småbolagsfond Norden;    168,88;  168,88;2019-05-14
856682;Swedbank Robur Småbolagsfond Sverige;    131,57;  131,57;2019-05-14
283408;Swedbank Robur Technology;    363,07;  363,07;2019-05-14
855387;Swedbank Robur Transfer 50;    153,79;  153,79;2019-05-14
819557;Swedbank Robur Transfer 60;    185,32;  185,32;2019-05-14
783720;Swedbank Robur Transfer 70;    236,67;  236,67;2019-05-14
747899;Swedbank Robur Transfer 80;    263,52;  263,52;2019-05-14
320762;Swedbank Robur Transfer 90;    205,41;  205,41;2019-05-14
825109;Swedbank Robur Östeuropafond;     35,91;   35,91;2019-05-14
946285;Söderberg & Partners Proaktiv 75 PM;    194,60;  194,60;2019-05-14
982116;Söderberg & Partners Proaktiv 80 PM;    171,44;  171,44;2019-05-14
660704;TRIGON - New Europe Fund;    369,66;  369,59;2019-05-14
878223;Tundra Frontier Africa Fund;     72,99;   72,99;2019-05-14
705806;Tundra Pakistan Fund;    154,01;  154,01;2019-05-14
861229;Tundra Sustainable Frontier Fund;    178,75;  178,75;2019-05-14
762823;Tundra Vietnam Fund;    201,64;  201,64;2019-05-14
259499;UBS (Lux) Bond Fund - Global Flexible (EUR hedged) P-acc;   1356,51; 1356,26;2019-05-13
843698;UBS (Lux) Equity Fund - Asian Consumption (USD);   1291,40; 1291,13;2019-05-14
364158;UBS (Lux) Equity Fund - Biotech (USD);   5228,62; 5227,54;2019-05-13
529016;UBS (Lux) Equity Fund - Euro Countries Opportunity (EUR);   1043,00; 1042,81;2019-05-13
488932;UBS (Lux) Equity Fund - Global Sustainable (USD);   9241,91; 9239,99;2019-05-13
908806;UBS (Lux) Equity Fund - Greater China (USD);   4114,45; 4113,60;2019-05-14
579136;UBS (Lux) Equity Fund - Health Care (USD);   2573,54; 2573,01;2019-05-13
938902;UBS (Lux) Equity Fund - Japan (JPY);    764,40;  764,22;2019-05-14
889261;UBS (Lux) Equity Fund - Mid Caps USA (USD);  20058,43;20054,28;2019-05-13
614966;UBS (Lux) Equity Fund - Tech Opportunity (USD);   3704,34; 3703,57;2019-05-13
686626;UBS (Lux) Equity Fund - USA Multi Strategy (USD) P-acc;   1931,39; 1930,99;2019-05-13
823500;UBS (Lux) Equity Sicav - Asian Smaller Companies (USD);   1641,05; 1640,71;2019-05-14
806091;UBS (Lux) Equity Sicav - Brazil;    591,53;  591,41;2019-05-13
807867;UBS (Lux) Equity Sicav - Emerging Markets Sustainable;    830,93;  830,75;2019-05-13
322479;UBS (Lux) Equity Sicav - Euro Countries Income (EUR);   1235,27; 1235,05;2019-05-13
384511;UBS (Lux) Equity Sicav - European Opportunity Unconstrained;   2167,02; 2166,62;2019-05-13
770263;UBS (Lux) Equity Sicav - Russia;   1070,03; 1069,81;2019-05-13
116293;UBS (Lux) Equity Sicav - Small Caps Europe;   3947,22; 3946,49;2019-05-13
626945;UBS (Lux) Equity Sicav - USA Growth B;    377,35;  377,27;2019-05-13
772509;UBS (Lux) Key Selection SICAV - Global Equities (USD);    252,35;  252,30;2019-05-13
722454;UBS (Lux) Strategy Fund - Balanced (EUR);  28641,72;28636,42;2019-05-10
794115;UBS (Lux) Strategy Fund - Growth (EUR);  36523,14;36516,39;2019-05-10
144501;Ålandsbanken Euro Bond SEK;    307,71;  307,71;2019-05-13
955435;Ålandsbanken Euro High Yield;    483,55;  483,46;2019-05-13
238832;Ålandsbanken Europe Value;    344,20;  344,13;2019-05-13
989491;Ålandsbanken Global Aktie Placeringsfond;    126,34;  126,31;2019-05-13
521104;Ålandsbanken Norden Aktie Placeringsfond;   1118,81; 1118,81;2019-05-13
239301;Ålandsbanken Premium 30 Placeringsfond;    264,34;  264,34;2019-05-13
123901;Ålandsbanken Premium 50 Placeringsfond;    276,06;  276,06;2019-05-13
295857;Öhman Etisk Emerging Markets;    195,30;  195,30;2019-05-14
570630;Öhman Etisk Index Europa;    155,61;  155,61;2019-05-14
606467;Öhman Etisk Index Japan;    114,36;  114,36;2019-05-14
642298;Öhman Etisk Index Pacific;    270,27;  270,27;2019-05-14
577833;Öhman Etisk Index Sverige;    261,94;  261,94;2019-05-14
678128;Öhman Etisk Index USA;    254,74;  254,74;2019-05-14
660829;Öhman FRN Hållbar;    109,68;  109,68;2019-05-14
104786;Öhman Företagsobligationsfond;    119,85;  119,85;2019-05-14
964767;Öhman Global Hållbar;    252,59;  252,59;2019-05-14
294918;Öhman Kort Ränta;     95,83;   95,83;2019-05-14
330746;Öhman Obligationsfond;    133,79;  133,79;2019-05-14
844100;Öhman Realräntefond;    124,33;  124,33;2019-05-14
694539;Öhman Småbolagsfond A;   4274,80; 4274,80;2019-05-14
904904;Öhman Sverige Hållbar A;    150,11;  150,11;2019-05-14
416867;Öhman Sweden Micro Cap;   1125,25; 1125,25;2019-05-14
